index,first_name,last_name,address,height,weight
1,"Ivor","Pierce","102-3364 Non Road",168,66
2,"Ezra","White","2106 Walnut St.",189,79
3,"Lincoln","Brown","9872 Main St.",184,100
4,"Henry","Walker","4288 Main St.",185,93
5,"Samuel","Taylor","6720 Oak St.",180,73
6,"Elijah","Garcia","6088 Aspen Way",162,71
7,"Leo","Smith","1194 Main St.",161,83
8,"Michael","Jackson","3346 Maple Dr.",190,86
9,"Thomas","Anderson","9732 Pine Ave.",174,79
10,"Logan","Thompson","8582 Cedar Ln.",168,78
11,"Theodore","Clark","5900 Main St.",181,72
12,"Daniel","Jackson","8823 Cherry Rd.",174,81
13,"Grayson","Rodriguez","308 Pine Ave.",166,85
14,"Julian","Martinez","2157 Main St.",168,92
15,"Jacob","Thomas","6086 Aspen Way",162,93
16,"Mason","Garcia","1725 Maple Dr.",190,71
17,"Hudson","Anderson","6656 Main St.",188,96
18,"Mateo","Rodriguez","3279 Oak St.",187,78
19,"William","Harris","6364 Elm Ct.",160,80
20,"James","Walker","8675 Cedar Ln.",180,87
21,"Jackson","Lee","5183 Birch Blvd.",181,99
22,"Cole","Palmer","8366 At, Street",178,91
23,"Carter","Johnson","3020 Cherry Rd.",174,96
24,"Charles","Lee","9370 Oak St.",186,100
25,"Owen","Hall","904 Elm Ct.",161,88
26,"Lucas","Rodriguez","3937 Birch Blvd.",164,72
27,"Levi","Brown","6577 Elm Ct.",180,72
28,"Desirae","Shannon","P.O. Box 643, 5251 Consectetuer, Rd.",195,83
29,"Noah","Lee","3125 Cedar Ln.",160,82
30,"Isaac","Robinson","2956 Walnut St.",187,76
31,"Christopher","Lee","4012 Maple Dr.",182,75
32,"Liam","Lee","8184 Cherry Rd.",173,92
33,"Gabriel","Thompson","5420 Elm Ct.",177,86
34,"John","Anderson","6689 Elm Ct.",179,74
35,"Jayden","Lewis","6062 Cedar Ln.",162,88
36,"Oliver","Robinson","1443 Birch Blvd.",177,89
37,"Mary","Colon","4674 Ut Rd.",179,75
38,"David","Johnson","6366 Cherry Rd.",162,97
39,"Aiden","Clark","5464 Main St.",172,84
40,"Jack","Lewis","1908 Main St.",160,74
41,"Matthew","Hall","4456 Cedar Ln.",183,93
42,"Joseph","Thomas","5057 Birch Blvd.",163,86
43,"Dylan","Jackson","8278 Oak St.",183,97
44,"Alexander","Jackson","7533 Cherry Rd.",184,85
45,"Benjamin","Thomas","5930 Main St.",173,72
46,"Sebastian","Rodriguez","7144 Oak St.",170,81
47,"Anthony","Thompson","5152 Maple Dr.",185,73
48,"Luke","Thomas","3949 Main St.",175,84
49,"Wyatt","Walker","2611 Birch Blvd.",176,77
50,"Victoria","Brown","4765 Pine Ave.",172,84
51,"Aria","Anderson","3599 Cedar Ln.",187,90
52,"Mia","Clark","3244 Pine Ave.",180,80
53,"Emma","Martinez","5868 Cherry Rd.",184,85
54,"Nova","Garcia","9875 Walnut St.",172,84
55,"Layla","Martin","3727 Oak St.",188,82
56,"Lucy","Anderson","7992 Pine Ave.",167,80
57,"Gianna","Thomas","2429 Pine Ave.",183,97
58,"Mila","Lewis","8555 Walnut St.",172,70
59,"Abigail","Lee","8273 Aspen Way",163,75
60,"Willow","White","577 Elm Ct.",188,95
61,"Ellie","Martinez","4681 Cedar Ln.",190,77
62,"Isabella","Martinez","8489 Elm Ct.",164,96
63,"Riley","Jackson","9825 Cherry Rd.",183,79
64,"Stella","White","3504 Elm Ct.",183,85
65,"Sophia","White","4267 Pine Ave.",184,74
66,"Eliana","Jackson","4305 Maple Dr.",177,78
67,"Lily","Walker","5379 Elm Ct.",186,81
68,"Grace","Clark","8847 Birch Blvd.",176,72
69,"Madison","Jackson","1871 Walnut St.",175,72
70,"Evelyn","Taylor","3617 Walnut St.",175,97
71,"Emilia","Walker","9797 Maple Dr.",167,88
72,"Luna","Jackson","4374 Main St.",172,86
73,"Isla","Harris","8704 Birch Blvd.",174,74
74,"Sofia","Garcia","7456 Cedar Ln.",163,99
75,"Emily","Hall","7096 Pine Ave.",190,90
76,"Scarlett","Lewis","5839 Birch Blvd.",182,97
77,"Zoe","Harris","8152 Walnut St.",173,75
78,"Charlotte","Martin","1315 Aspen Way",163,78
79,"Elizabeth","Rodriguez","5146 Walnut St.",177,87
80,"Hannah","Martin","4624 Pine Ave.",176,74
81,"Ella","Smith","4820 Main St.",174,82
82,"Penelope","Rodriguez","5607 Maple Dr.",175,91
83,"Violet","Hall","1536 Cedar Ln.",160,72
84,"Leah","Garcia","3952 Elm Ct.",175,77
85,"Camila","Johnson","9103 Oak St.",190,93
86,"Aurora","Clark","1372 Walnut St.",171,80
87,"Chloe","White","2186 Main St.",187,72
88,"Olivia","White","1641 Elm Ct.",187,77
89,"Nora","Lewis","9227 Aspen Way",173,94
90,"Hazel","White","2704 Aspen Way",190,98
91,"Harper","Johnson","8160 Aspen Way",169,80
92,"Amelia","Hall","8918 Cedar Ln.",188,95
93,"Eleanor","Smith","1598 Aspen Way",161,97
94,"Zoey","Clark","3868 Walnut St.",190,98
95,"Addison","Robinson","3797 Pine Ave.",177,94
96,"Ava","Thomas","193 Main St.",179,80
97,"Addison","Anderson","2545 Oak St.",164,77
98,"Zoey","Walker","4495 Cedar Ln.",180,79
99,"Eleanor","Anderson","6010 Cedar Ln.",165,77
100,"Mary","Colon","4674 Ut Rd.",179,75
101,"Ivor","Pierce","102-3364 Non Road",168,88
102,"Cole","Palmer","8366 At, Street",178,91
103,"Desirae","Shannon","P.O. Box 643, 5251 Consectetuer, Rd.",196,83
